"http://dbpedia.org/resource/Grand_National_Assembly_of_Turkey","Türkiye Büyük Millet Meclisi"
"http://dbpedia.org/resource/Grand_National_Assembly_of_Turkey","TBMM"
"http://dbpedia.org/resource/Republican_People%27s_Party_(Turkey)","CHP"
"http://dbpedia.org/page/Justice_and_Development_Party_(Turkey)","AK Parti"
"http://dbpedia.org/resource/Nationalist_Movement_Party","MHP"
"http://dbpedia.org/resource/Robert_College","Robert College"
"http://dbpedia.org/resource/Robert_College","Robert College"
"http://dbpedia.org/resource/Robert_College","Robert College"
"http://dbpedia.org/resource/Robert_College","Robert College"
"http://dbpedia.org/resource/Turkish_Basketball_Federation","Türkische Basketball-Föderation"
"http://dbpedia.org/resource/Turkish_Basketball_Federation","Turkish Basketball Federation"
"http://dbpedia.org/resource/Turkish_Basketball_Federation","Federación Turca de Baloncesto"
"http://dbpedia.org/resource/Turkish_Basketball_Federation","Fédération de Turquie de basket-ball"
"http://dbpedia.org/resource/Turkish_Basketball_Federation","Federazione cestistica della Turchia"
"http://dbpedia.org/resource/Turkish_Ice_Hockey_Super_League","Superliga (Türkei)"
"http://dbpedia.org/resource/Turkish_Ice_Hockey_Super_League","Turkish Ice Hockey Super League"
"http://dbpedia.org/resource/Turkish_Ice_Hockey_Super_League","Championnat de Turquie de hockey sur glace"
"http://dbpedia.org/resource/Turkish_Ice_Hockey_Super_League","Turkiska superligan i ishockey"
"http://dbpedia.org/resource/Turkish_Ice_Hockey_Super_League","Турецкая хоккейная суперлига"
"http://dbpedia.org/resource/Independent_Turkey_Party","Bağımsız Türkiye Partisi"
"http://dbpedia.org/resource/Independent_Turkey_Party","Independent Turkey Party"
"http://dbpedia.org/resource/Independent_Turkey_Party","Parti pour une Turquie indépendante"
"http://dbpedia.org/resource/Independent_Turkey_Party","Независимая партия Турции"
"http://dbpedia.org/resource/Nationalist_Movement_Party","Milliyetçi Hareket Partisi"
"http://dbpedia.org/resource/Nationalist_Movement_Party","Nationalist Movement Party"
"http://dbpedia.org/resource/Nationalist_Movement_Party","Partido de Acción Nacionalista"
"http://dbpedia.org/resource/Nationalist_Movement_Party","Parti d'action nationaliste"
"http://dbpedia.org/resource/Nationalist_Movement_Party","Partito del Movimento Nazionalista"
"http://dbpedia.org/resource/Nationalist_Movement_Party","民族主義者行動党"
"http://dbpedia.org/resource/Nationalist_Movement_Party","Partij voor een Nationalistische Beweging"
"http://dbpedia.org/resource/Nationalist_Movement_Party","Partido de Ação Nacionalista"
"http://dbpedia.org/resource/Nationalist_Movement_Party","Партия национального действия (Турция)"
"http://dbpedia.org/resource/Nationalist_Movement_Party","Nationella aktionspartiet (Turkiet)"
"http://dbpedia.org/resource/Turkish_Basketball_League","Türkiye Basketbol Ligi"
"http://dbpedia.org/resource/Turkish_Basketball_League","Turkish Basketball League"
"http://dbpedia.org/resource/Turkish_Basketball_League","Türkiye Basketbol Ligi"
"http://dbpedia.org/resource/Turkish_Basketball_League","Championnat de Turquie de basket-ball"
"http://dbpedia.org/resource/Turkish_Basketball_League","Türkiye 1. Basketbol Ligi"
"http://dbpedia.org/resource/Turkish_Basketball_League","ターキッシュ・バスケットボール・リーグ"
"http://dbpedia.org/resource/Turkish_Basketball_League","Türkiye Basketbol Ligi"
"http://dbpedia.org/resource/Turkish_Basketball_League","Türkiye Basketbol Ligi"
"http://dbpedia.org/resource/Turkish_Basketball_League","Чемпионат Турции по баскетболу"
"http://dbpedia.org/resource/Central_Army_(Turkey)","Central Army (Turkey)"
"http://dbpedia.org/resource/%C3%87ankaya_University","詹卡亚大学"
"http://dbpedia.org/resource/%C3%87ankaya_University","Çankaya-Universität"
"http://dbpedia.org/resource/%C3%87ankaya_University","Çankaya University"
"http://dbpedia.org/resource/%C3%87ankaya_University","Universidad de Çankaya"
"http://dbpedia.org/resource/%C3%87ankaya_University","Université Çankaya"
"http://dbpedia.org/resource/%C3%87ankaya_University","Università Çankaya"
"http://dbpedia.org/resource/%C3%87ankaya_University","チャンカヤ大学"
"http://dbpedia.org/resource/%C3%87ankaya_University","Çankaya-universiteit"
"http://dbpedia.org/resource/%C3%87ankaya_University","Universidade Çankaya"
"http://dbpedia.org/resource/%C3%87ankaya_University","Университет Чанкая"
"http://dbpedia.org/resource/%C4%B0zmir_Institute_of_Technology","İzmir Yüksek Teknoloji Enstitüsü"
"http://dbpedia.org/resource/%C4%B0zmir_Institute_of_Technology","İzmir Institute of Technology"
"http://dbpedia.org/resource/%C4%B0zmir_Institute_of_Technology","Instituto de Tecnologia de Esmirna"
"http://dbpedia.org/resource/Abant_Izzet_Baysal_University","Abant İzzet Baysal Üniversitesi"
"http://dbpedia.org/resource/Abant_Izzet_Baysal_University","Abant Izzet Baysal University"
"http://dbpedia.org/resource/Ad%C4%B1yaman_University","Adıyaman Üniversitesi"
"http://dbpedia.org/resource/Ad%C4%B1yaman_University","Adıyaman University"
"http://dbpedia.org/resource/Ankara_University","安卡拉大学"
"http://dbpedia.org/resource/Ankara_University","Universität Ankara"
"http://dbpedia.org/resource/Ankara_University","Ankara University"
"http://dbpedia.org/resource/Ankara_University","Université d'Ankara"
"http://dbpedia.org/resource/Ankara_University","アンカラ大学"
"http://dbpedia.org/resource/Ankara_University","Universidade de Ancara"
"http://dbpedia.org/resource/Ankara_University","Университет Анкары"
"http://dbpedia.org/resource/Atat%C3%BCrk_University","Atatürk University"
"http://dbpedia.org/resource/Atat%C3%BCrk_University","Atatürk-Universität"
"http://dbpedia.org/resource/Atat%C3%BCrk_University","Université d'Atatürk"
"http://dbpedia.org/resource/Atat%C3%BCrk_University","Universidade de Atatürk"
"http://dbpedia.org/resource/Bilkent_University","畢爾肯大學"
"http://dbpedia.org/resource/Bilkent_University","Bilkent-Universität"
"http://dbpedia.org/resource/Bilkent_University","Bilkent University"
"http://dbpedia.org/resource/Bilkent_University","Université Bilkent"
"http://dbpedia.org/resource/Bilkent_University","ビルケント大学"
"http://dbpedia.org/resource/Bilkent_University","Universidade Bilkent"
"http://dbpedia.org/resource/Bo%C4%9Fazi%C3%A7i_University","Boğaziçi Üniversitesi"
"http://dbpedia.org/resource/Bo%C4%9Fazi%C3%A7i_University","Boğaziçi University"
"http://dbpedia.org/resource/Bo%C4%9Fazi%C3%A7i_University","Université du Bosphore"
"http://dbpedia.org/resource/Bo%C4%9Fazi%C3%A7i_University","Università del Bosforo"
"http://dbpedia.org/resource/Bo%C4%9Fazi%C3%A7i_University","ボアズィチ大学"
"http://dbpedia.org/resource/Confederation_of_Progressive_Trade_Unions_of_Turkey","Confederation of Progressive Trade Unions of Turkey"
"http://dbpedia.org/resource/Democratic_Left_People's_Party","Demokratik Sol Halk Partisi"
"http://dbpedia.org/resource/Democratic_Left_People's_Party","Democratic Left People's Party"
"http://dbpedia.org/resource/Ege_University","Ege Üniversitesi"
"http://dbpedia.org/resource/Ege_University","Ege University"
"http://dbpedia.org/resource/First_Army_(Turkey)","Türkische 1. Armee"
"http://dbpedia.org/resource/First_Army_(Turkey)","First Army (Turkey)"
"http://dbpedia.org/resource/Hacettepe_University","Hacettepe-Universität"
"http://dbpedia.org/resource/Hacettepe_University","Hacettepe University"
"http://dbpedia.org/resource/Hacettepe_University","Hacettepe University"
"http://dbpedia.org/resource/Hacettepe_University","Uniwersytet Hacettepe"
"http://dbpedia.org/resource/Hacettepe_University","Hacettepe universitet"
"http://dbpedia.org/resource/K%C4%B1rklareli_University","Kırklareli Üniversitesi"
"http://dbpedia.org/resource/K%C4%B1rklareli_University","Kırklareli University"
"http://dbpedia.org/resource/Kalan_M%C3%BCzik","Kalan Müzik"
"http://dbpedia.org/resource/Kalan_M%C3%BCzik","Kalan Müzik"
"http://dbpedia.org/resource/Kalan_M%C3%BCzik","Kalan Müzik"
"http://dbpedia.org/resource/Kalan_M%C3%BCzik","Kalan"
"http://dbpedia.org/resource/Kastamonu_University","Kastamonu Üniversitesi"
"http://dbpedia.org/resource/Kastamonu_University","Kastamonu University"
"http://dbpedia.org/resource/Kastamonu_University","Université de Kastamonu"
"http://dbpedia.org/resource/Kastamonu_University","Università di Kastamonu"
"http://dbpedia.org/resource/Mersin_University","Mersin Üniversitesi"
"http://dbpedia.org/resource/Mersin_University","Mersin University"
"http://dbpedia.org/resource/NTV_(Turkey)","NTV (Türkei)"
"http://dbpedia.org/resource/NTV_(Turkey)","NTV (Turkey)"
"http://dbpedia.org/resource/NTV_(Turkey)","NTV (Turquie)"
"http://dbpedia.org/resource/NTV_(Turkey)","NTV (телеканал)"
"http://dbpedia.org/resource/Nam%C4%B1k_Kemal_University","Namık Kemal Üniversitesi"
"http://dbpedia.org/resource/Nam%C4%B1k_Kemal_University","Namık Kemal University"
"http://dbpedia.org/resource/S%C3%BCleyman_Demirel_University","Süleyman Demirel Üniversitesi"
"http://dbpedia.org/resource/S%C3%BCleyman_Demirel_University","Süleyman Demirel University"
"http://dbpedia.org/resource/S%C3%BCleyman_Demirel_University","Uniwersytet Süleymana Demirela w Isparcie"
"http://dbpedia.org/resource/Sabanc%C4%B1_University","Sabancı University"
"http://dbpedia.org/resource/Sky_Turk_360","Sky Turk 360"
"http://dbpedia.org/resource/TRT_Haber","TRT Haber"
"http://dbpedia.org/resource/TRT_Haber","TRT-Haber"
"http://dbpedia.org/resource/TRT_Haber","TRT Haber"
"http://dbpedia.org/resource/Antalya_Anadolu_Lisesi","Antalya Anadolu Lisesi"
"http://dbpedia.org/resource/ENKA_Schools","ENKA Schools"
"http://dbpedia.org/resource/Galatasaray_TV","Galatasaray TV"
"http://dbpedia.org/resource/Galatasaray_TV","Galatasaray TV"
"http://dbpedia.org/resource/Galatasaray_TV","Galatasaray TV"
"http://dbpedia.org/resource/National_Party_(Turkey)","National Party (Turkey)"
"http://dbpedia.org/resource/Rights_and_Equality_Party","Hak ve Eşitlik Partisi"
"http://dbpedia.org/resource/Rights_and_Equality_Party","Rights and Equality Party"
"http://dbpedia.org/resource/Rights_and_Equality_Party","民権と平等党"
"http://dbpedia.org/resource/Socialist_Democracy_Party","Socialist Democracy Party"
"http://dbpedia.org/resource/TRT_%C3%87ocuk","TRT Çocuk"
"http://dbpedia.org/resource/TRT_1","TRT 1"
"http://dbpedia.org/resource/TRT_1","TRT 1"
"http://dbpedia.org/resource/TRT_1","TRT 1"
"http://dbpedia.org/resource/TRT_1","TRT 1"
"http://dbpedia.org/resource/Turkish_Air_Force","Turkish Air Force"
"http://dbpedia.org/resource/Turkish_Air_Force","Fuerza Aérea Turca"
"http://dbpedia.org/resource/Turkish_Air_Force","Armée de l'air turque"
"http://dbpedia.org/resource/Turkish_Air_Force","Türk Hava Kuvvetleri"
"http://dbpedia.org/resource/Turkish_Air_Force","Turkse luchtmacht"
"http://dbpedia.org/resource/Turkish_Air_Force","Tureckie Siły Powietrzne"
"http://dbpedia.org/resource/Turkish_Air_Force","Военно-воздушные силы Турции"
"http://dbpedia.org/resource/Turkish_Radio_and_Television_Corporation","土耳其之聲"
"http://dbpedia.org/resource/Turkish_Radio_and_Television_Corporation","Türkiye Radyo ve Televizyon Kurumu"
"http://dbpedia.org/resource/Turkish_Radio_and_Television_Corporation","Turkish Radio and Television Corporation"
"http://dbpedia.org/resource/Turkish_Radio_and_Television_Corporation","Türkiye Radyo Televizyon Kurumu"
"http://dbpedia.org/resource/Turkish_Radio_and_Television_Corporation","Türkiye Radyo Televizyon Kurumu"
"http://dbpedia.org/resource/Turkish_Radio_and_Television_Corporation","TRT (azienda)"
"http://dbpedia.org/resource/Turkish_Radio_and_Television_Corporation","トルコ国営放送"
"http://dbpedia.org/resource/Turkish_Radio_and_Television_Corporation","Türkiye Radyo-Televizyon Kurumu"
"http://dbpedia.org/resource/Turkish_Radio_and_Television_Corporation","TRT"
"http://dbpedia.org/resource/Turkish_Radio_and_Television_Corporation","Türkiye Radyo Televizyon Kurumu"
"http://dbpedia.org/resource/Turkish_Radio_and_Television_Corporation","Турецкая телерадиокомпания"
"http://dbpedia.org/resource/Turkish_Radio_and_Television_Corporation","Türkiye Radyo Televizyon Kurumu"
"http://dbpedia.org/resource/Welfare_Party","福利黨"
"http://dbpedia.org/resource/Welfare_Party","Refah Partisi"
"http://dbpedia.org/resource/Welfare_Party","Welfare Party"
"http://dbpedia.org/resource/Welfare_Party","Refah Partisi"
"http://dbpedia.org/resource/Welfare_Party","Parti du bien-être"
"http://dbpedia.org/resource/Welfare_Party","Partito del Benessere"
"http://dbpedia.org/resource/Welfare_Party","福祉党 (トルコ)"
"http://dbpedia.org/resource/Istanbul_High_School","İstanbul Lisesi"
"http://dbpedia.org/resource/Istanbul_High_School","Istanbul High School"
"http://dbpedia.org/resource/Istanbul_High_School","İstanbul Lisesi"
"http://dbpedia.org/resource/Istanbul_High_School","Lycée Erkek d'Istanbul"
"http://dbpedia.org/resource/TFF_First_League","TFF First League"
"http://dbpedia.org/resource/TFF_First_League","TFF 1. Lig"
"http://dbpedia.org/resource/TFF_First_League","Bank Asya 1. lig"
"http://dbpedia.org/resource/TFF_First_League","Championnat de Turquie de football D2"
"http://dbpedia.org/resource/TFF_First_League","TFF 1. Lig"
"http://dbpedia.org/resource/TFF_First_League","TFF1.リグ"
"http://dbpedia.org/resource/TFF_First_League","TFF 1. Lig"
"http://dbpedia.org/resource/TFF_First_League","TFF 1. Lig"
"http://dbpedia.org/resource/TFF_First_League","Первая лига Турции по футболу"
"http://dbpedia.org/resource/TFF_First_League","TFF 1. Lig"
"http://dbpedia.org/resource/Turkish_Stars","Türk Yıldızları"
"http://dbpedia.org/resource/Turkish_Stars","Turkish Stars"
"http://dbpedia.org/resource/Turkish_Stars","Turkish Stars"
"http://dbpedia.org/resource/Turkish_Stars","Türk Yıldızları"
"http://dbpedia.org/resource/Turkish_Stars","Turkish Stars"
"http://dbpedia.org/resource/Turkish_Stars","Türk Yıldızları"
"http://dbpedia.org/resource/Turkish_Stars","Турецкие Звёзды"
"http://dbpedia.org/resource/Gazi_Anadolu_Lisesi","Gazi Anadolu Lisesi"
"http://dbpedia.org/resource/Kad%C4%B1k%C3%B6y_Anadolu_Lisesi","Kadıköy Anadolu Lisesi"
"http://dbpedia.org/resource/Liceo_Italiano","Liceo Italiano"
"http://dbpedia.org/resource/Ni%C5%9Fanta%C5%9F%C4%B1_Anadolu_Lisesi","Nişantaşı Anadolu Lisesi"
"http://dbpedia.org/resource/Sirri_Yircali_Anadolu_Lisesi","Sirri Yircali Anadolu Lisesi"
"http://dbpedia.org/resource/Bah%C3%A7e%C5%9Fehir_Koleji","Bahçeşehir Koleji"
"http://dbpedia.org/resource/Turkey_national_rugby_union_team","Turkey national rugby union team"
"http://dbpedia.org/resource/Turkey_national_rugby_union_team","Équipe de Turquie de rugby à XV"
"http://dbpedia.org/resource/Turkey_national_rugby_union_team","Nazionale di rugby a 15 della Turchia"
"http://dbpedia.org/resource/Turkey_women's_national_rugby_union_team","Turkey women's national rugby union team"
"http://dbpedia.org/resource/70th_Mechanised_Infantry_Brigade_(Turkey)","70th Mechanised Infantry Brigade (Turkey)"
"http://dbpedia.org/resource/Kurdistan_Workers'_Party","库尔德工人党"
"http://dbpedia.org/resource/Kurdistan_Workers'_Party","Arbeiterpartei Kurdistans"
"http://dbpedia.org/resource/Kurdistan_Workers'_Party","Kurdistan Workers' Party"
"http://dbpedia.org/resource/Kurdistan_Workers'_Party","Partido de los Trabajadores de Kurdistán"
"http://dbpedia.org/resource/Kurdistan_Workers'_Party","Parti des travailleurs du Kurdistan"
"http://dbpedia.org/resource/Kurdistan_Workers'_Party","Partito dei Lavoratori del Kurdistan"
"http://dbpedia.org/resource/Kurdistan_Workers'_Party","クルディスタン労働者党"
"http://dbpedia.org/resource/Kurdistan_Workers'_Party","Koerdische Arbeiderspartij"
"http://dbpedia.org/resource/Kurdistan_Workers'_Party","Partia Pracujących Kurdystanu"
"http://dbpedia.org/resource/Kurdistan_Workers'_Party","Partido dos Trabalhadores do Curdistão"
"http://dbpedia.org/resource/Kurdistan_Workers'_Party","Рабочая партия Курдистана"
"http://dbpedia.org/resource/Kurdistan_Workers'_Party","Kurdistans arbetarparti"
"http://dbpedia.org/resource/Revolutionary_People's_Liberation_Party%E2%80%93Front","Revolutionäre Volksbefreiungspartei-Front"
"http://dbpedia.org/resource/Revolutionary_People's_Liberation_Party%E2%80%93Front","Revolutionary People's Liberation Party–Front"
"http://dbpedia.org/resource/Revolutionary_People's_Liberation_Party%E2%80%93Front","Partido Revolucionario Liberación del Pueblo"
"http://dbpedia.org/resource/Revolutionary_People's_Liberation_Party%E2%80%93Front","Parti-Front de libération du peuple révolutionnaire"
"http://dbpedia.org/resource/Revolutionary_People's_Liberation_Party%E2%80%93Front","Revolutionair Volksbevrijdingsleger"
"http://dbpedia.org/resource/Revolutionary_People's_Liberation_Party%E2%80%93Front","Rewolucyjna Partia-Front Wyzwolenia Ludu"
"http://dbpedia.org/resource/Revolutionary_People's_Liberation_Party%E2%80%93Front","DHKP-C"
"http://dbpedia.org/resource/Revolutionary_People's_Liberation_Party%E2%80%93Front","革命人民解放黨陣線"
"http://dbpedia.org/resource/Bilkent_Erzurum","Bilkent Erzurum"
"http://dbpedia.org/resource/Comedy_Smart","Comedy Smart"
"http://dbpedia.org/resource/Do%C4%9Fa_Schools","Doğa Schools"
"http://dbpedia.org/resource/Istanbul_Europa_Race","Istanbul Europa Race"
"http://dbpedia.org/resource/Istanbul_Europa_Race","Istanbul Europa Race"
"http://dbpedia.org/resource/Pirate_Party_of_Turkey","Pirate Party of Turkey"
"http://dbpedia.org/resource/Samanyolu_Haber_TV","Samanyolu Haber TV"
"http://dbpedia.org/resource/TRT_Belgesel","TRT Belgesel"
"http://dbpedia.org/resource/TRT_Belgesel","TRT Belgesel"
"http://dbpedia.org/resource/Turkish_Cup_Basketball","Turkish Cup Basketball"
"http://dbpedia.org/resource/Turkish_Cup_Basketball","Copa de baloncesto de Turquía"
"http://dbpedia.org/resource/Turkish_Cup_Basketball","Coppa di Turchia di pallacanestro maschile"
"http://dbpedia.org/resource/Turkish_Men's_Volleyball_League","Turkish Men's Volleyball League"
"http://dbpedia.org/resource/Turkish_Men's_Volleyball_League","Championnat de Turquie de volley-ball masculin"
"http://dbpedia.org/resource/Turkish_Men's_Volleyball_League","Campionato turco di pallavolo maschile"
"http://dbpedia.org/resource/Turkish_Men's_Volleyball_League","Aroma 1. Lig siatkarzy"
"http://dbpedia.org/resource/Turkish_Men's_Volleyball_League","Чемпионат Турции по волейболу среди мужчин"
"http://dbpedia.org/resource/Turkish_Wheelchair_Basketball_Super_League","Turkish Wheelchair Basketball Super League"
"http://dbpedia.org/resource/Turkish_Women's_Volleyball_League","Turkish Women's Volleyball League"
"http://dbpedia.org/resource/Turkish_Women's_Volleyball_League","Championnat de Turquie de volley-ball féminin"
"http://dbpedia.org/resource/Turkish_Women's_Volleyball_League","Campionato turco di pallavolo femminile"
"http://dbpedia.org/resource/Turkish_Women's_Volleyball_League","トルコ女子バレーボールリーグ"
"http://dbpedia.org/resource/Turkish_Women's_Volleyball_League","Чемпионат Турции по волейболу среди женщин"
"http://dbpedia.org/resource/Aegean_Army","Türkische Ägäis-Armee"
"http://dbpedia.org/resource/Aegean_Army","Aegean Army"
"http://dbpedia.org/resource/Communist_Party_of_Turkey/Marxist%E2%80%93Leninist","Türkiye Komünist Partisi/Marksist-Leninist"
"http://dbpedia.org/resource/Communist_Party_of_Turkey/Marxist%E2%80%93Leninist","Communist Party of Turkey/Marxist–Leninist"
"http://dbpedia.org/resource/Communist_Party_of_Turkey/Marxist%E2%80%93Leninist","Parti communiste de Turquie/marxiste-léniniste"
"http://dbpedia.org/resource/Communist_Party_of_Turkey/Marxist%E2%80%93Leninist","Partito Comunista della Turchia/marxista-leninista"
"http://dbpedia.org/resource/Communist_Party_of_Turkey/Marxist%E2%80%93Leninist","Komunistyczna Partia Turcji / Marksistowsko-Leninowska"
"http://dbpedia.org/resource/Digiturk","Digiturk"
"http://dbpedia.org/resource/Digiturk","Digiturk"
"http://dbpedia.org/resource/Digiturk","Digiturk"
"http://dbpedia.org/resource/Eurosport_2","Eurosport 2"
"http://dbpedia.org/resource/Eurosport_2","Eurosport 2 France"
"http://dbpedia.org/resource/Eurosport_2","Eurosport 2"
"http://dbpedia.org/resource/Eurosport_2","Eurosport 2"
"http://dbpedia.org/resource/Eurosport_2","Eurosport 2"
"http://dbpedia.org/resource/Eurosport_2","Eurosport 2"
"http://dbpedia.org/resource/Galatasaray_High_School","Galatasaray-Gymnasium"
"http://dbpedia.org/resource/Galatasaray_High_School","Galatasaray High School"
"http://dbpedia.org/resource/Galatasaray_High_School","Lycée de Galatasaray"
"http://dbpedia.org/resource/Galatasaray_High_School","Liceo Galatasaray"
"http://dbpedia.org/resource/Galatasaray_High_School","Liceu de Galatasaray"
"http://dbpedia.org/resource/Galatasaray_High_School","Галатасарайский лицей"
"http://dbpedia.org/resource/Kanal_D","Kanal D"
"http://dbpedia.org/resource/Kanal_D","Kanal D"
"http://dbpedia.org/resource/Kanal_D","Kanal D"
"http://dbpedia.org/resource/Kanal_D","Kanal D"
"http://dbpedia.org/resource/Kral_TV","Kral TV"
"http://dbpedia.org/resource/Kral_TV","Kral TV"
"http://dbpedia.org/resource/National_Order_Party","Millî Nizam Partisi"
"http://dbpedia.org/resource/National_Order_Party","National Order Party"
"http://dbpedia.org/resource/National_Order_Party","国民秩序党"
"http://dbpedia.org/resource/People's_Voice_Party","Halkın Sesi Partisi"
"http://dbpedia.org/resource/People's_Voice_Party","People's Voice Party"
"http://dbpedia.org/resource/Samanyolu_TV","Samanyolu TV"
"http://dbpedia.org/resource/Samanyolu_TV","Samanyolu TV"
"http://dbpedia.org/resource/Samanyolu_TV","Samanyolu TV"
"http://dbpedia.org/resource/Show_TV","Show TV"
"http://dbpedia.org/resource/Show_TV","Show TV"
"http://dbpedia.org/resource/Show_TV","Show TV"
"http://dbpedia.org/resource/Show_TV","Show TV"
"http://dbpedia.org/resource/Show_TV","Show TV"
"http://dbpedia.org/resource/TRT_Avaz","TRT Avaz"
"http://dbpedia.org/resource/TRT_Avaz","TRT Avaz"
"http://dbpedia.org/resource/Kemal_Atat%C3%BCrk_Lisesi","Kemal Atatürk Lisesi"
"http://dbpedia.org/resource/TRT_M%C3%BCzik","TRT Müzik"
"http://dbpedia.org/resource/Stardium","Stardium"
"http://dbpedia.org/resource/Virtue_Party","Fazilet Partisi"
"http://dbpedia.org/resource/Virtue_Party","Virtue Party"
"http://dbpedia.org/resource/Virtue_Party","Parti de la vertu"
"http://dbpedia.org/resource/Virtue_Party","Partito della Virtù"
"http://dbpedia.org/resource/Virtue_Party","美徳党"
"http://dbpedia.org/resource/Virtue_Party","Партия Добродетели"
"http://dbpedia.org/resource/TRT_el_T%C3%BCrkiye","TRT at-Turkiyya"
"http://dbpedia.org/resource/TRT_el_T%C3%BCrkiye","TRT el Türkiye"
"http://dbpedia.org/resource/TRT_el_T%C3%BCrkiye","TRT Al Turkia"
"http://dbpedia.org/resource/Communist_Party_of_Turkey_(current)","土耳其共產黨 (2001年)"
"http://dbpedia.org/resource/Communist_Party_of_Turkey_(current)","Türkiye Komünist Partisi (2001)"
"http://dbpedia.org/resource/Communist_Party_of_Turkey_(current)","Communist Party of Turkey (current)"
"http://dbpedia.org/resource/Communist_Party_of_Turkey_(current)","Partido Comunista de Turquía"
"http://dbpedia.org/resource/Communist_Party_of_Turkey_(current)","Türkiye Komünist Partisi"
"http://dbpedia.org/resource/Communist_Party_of_Turkey_(current)","Komunistyczna Partia Turcji"
"http://dbpedia.org/resource/Communist_Party_of_Turkey_(current)","Коммунистическая партия Турции (1993)"
"http://dbpedia.org/resource/Great_Union_Party","Büyük Birlik Partisi"
"http://dbpedia.org/resource/Great_Union_Party","Great Union Party"
"http://dbpedia.org/resource/Great_Union_Party","Parti de la grande unité"
"http://dbpedia.org/resource/Great_Union_Party","Grote Eenheidspartıj"
"http://dbpedia.org/resource/Labour_Party_(Turkey)","Labour Party (Turkey)"
"http://dbpedia.org/resource/Labour_Party_(Turkey)","Emek Partisi"
"http://dbpedia.org/resource/Labour_Party_(Turkey)","Parti travailliste (Turquie)"
"http://dbpedia.org/resource/Liberal_Democratic_Party_(Turkey)","Liberal Democratic Party (Turkey)"
"http://dbpedia.org/resource/Liberal_Democratic_Party_(Turkey)","Liberaldemokratische Partei (Türkei)"
"http://dbpedia.org/resource/Liberal_Democratic_Party_(Turkey)","Parti libéral-démocrate (Turquie)"
"http://dbpedia.org/resource/National_Salvation_Party","Millî Selamet Partisi"
"http://dbpedia.org/resource/National_Salvation_Party","National Salvation Party"
"http://dbpedia.org/resource/National_Salvation_Party","国民救済党"
"http://dbpedia.org/resource/%C3%9Csk%C3%BCdar_American_Academy","Üsküdar American Academy"
"http://dbpedia.org/resource/%C3%9Csk%C3%BCdar_American_Academy","Üsküdar American Academy"
"http://dbpedia.org/resource/Bursa_Anadolu_Lisesi","Bursa Anadolu Lisesi"
"http://dbpedia.org/resource/Cartoon_Network_(Turkey)","Cartoon Network (Turkey)"
"http://dbpedia.org/resource/Eastern_Front_(Turkey)","Eastern Front (Turkey)"
"http://dbpedia.org/resource/Kabata%C5%9F_Erkek_Lisesi","Kabataş Erkek Lisesi"
"http://dbpedia.org/resource/Kabata%C5%9F_Erkek_Lisesi","Kabataş Erkek Lisesi"
"http://dbpedia.org/resource/Ko%C3%A7_School","Koç School"
"http://dbpedia.org/resource/Malatya_Science_High_School","Malatya Science High School"
"http://dbpedia.org/resource/Samsun_Atat%C3%BCrk_Anatolian_High_School","Samsun Atatürk Anatolian High School"
"http://dbpedia.org/resource/TEV_%C4%B0nan%C3%A7_T%C3%BCrke%C5%9F_%C3%96zel_Lisesi","TEV İnanç Türkeş Özel Lisesi"
"http://dbpedia.org/resource/%C4%B0%C3%A7el_Anadolu_Lisesi","İçel Anadolu Lisesi"
"http://dbpedia.org/resource/Afyon_Kocatepe_University","Afyon Kocatepe University"
"http://dbpedia.org/resource/Ankara_Milli_Piyango_Anadolu_Lisesi","Ankara Milli Piyango Anadolu Lisesi"
"http://dbpedia.org/resource/Bornova_Anadolu_Lisesi","Bornova Anadolu Lisesi"
"http://dbpedia.org/resource/British_International_School_Istanbul","British International School Istanbul"
"http://dbpedia.org/resource/Confederation_of_Turkish_Real_Trade_Unions","Confederation of Turkish Real Trade Unions"
"http://dbpedia.org/resource/Confederation_of_Turkish_Real_Trade_Unions","Confédération des vrais syndicats turcs"
"http://dbpedia.org/resource/Confederation_of_Turkish_Trade_Unions","Confederation of Turkish Trade Unions"
"http://dbpedia.org/resource/Confederation_of_Turkish_Trade_Unions","Confédération des syndicats turcs"
"http://dbpedia.org/resource/DiziMax","DiziMax"
"http://dbpedia.org/resource/Dost_TV","Dost TV"
"http://dbpedia.org/resource/NTV_Spor","NTV Spor"
"http://dbpedia.org/resource/TRT_GAP","TRT GAP"
"http://dbpedia.org/resource/Turkish_Basketball_Second_League","Turkish Basketball Second League"
"http://dbpedia.org/resource/Turkish_Basketball_Second_League","Türkiye 2. Basketbol Ligi"
"http://dbpedia.org/resource/Turkish_Ice_Hockey_Women's_League","Turkish Ice Hockey Women's League"
"http://dbpedia.org/resource/Yumurcak_TV","Yumurcak TV"
"http://dbpedia.org/resource/TRT_HD","TRT HD"
"http://dbpedia.org/resource/Turkey_Party","Türkiye Partisi"
"http://dbpedia.org/resource/Turkey_Party","Turkey Party"
"http://dbpedia.org/resource/Turkish_Women's_First_Football_League","Bayanlar Futbol Ligi"
"http://dbpedia.org/resource/Turkish_Women's_First_Football_League","Turkish Women's First Football League"
"http://dbpedia.org/resource/Turkish_Women's_First_Football_League","Championnat de Turquie de football féminin"
"http://dbpedia.org/resource/%C4%B0zmir_Atat%C3%BCrk_Anadolu_Teknik_Lisesi","İzmir Atatürk Anadolu Teknik Lisesi"
"http://dbpedia.org/resource/Cine5","Cine5"
"http://dbpedia.org/resource/Cine5","Cine5"
"http://dbpedia.org/resource/Disney_Channel_(Turkey)","Disney Channel (Turkey)"
"http://dbpedia.org/resource/Equality_and_Democracy_Party","Equality and Democracy Party"
"http://dbpedia.org/resource/G%C3%B6lc%C3%BCk_Barbaros_Hayrettin_Lisesi","Gölcük Barbaros Hayrettin Lisesi"
"http://dbpedia.org/resource/H%C3%BCseyin_Avni_S%C3%B6zen_Anadolu_Lisesi","Hüseyin Avni Sözen Anadolu Lisesi"
"http://dbpedia.org/resource/Istanbul_Basketball_League","Istanbul Basketball League"
"http://dbpedia.org/resource/Istanbul_Men's_Volleyball_League","Istanbul Men's Volleyball League"
"http://dbpedia.org/resource/Istanbul_Men's_Volleyball_League","Чемпионат Стамбула по волейболу среди мужчин"
"http://dbpedia.org/resource/Istanbul_Women's_Volleyball_League","Istanbul Women's Volleyball League"
"http://dbpedia.org/resource/Istanbul_Women's_Volleyball_League","Чемпионат Стамбула по волейболу среди женщин"
"http://dbpedia.org/resource/TRT_3","TRT 3"
"http://dbpedia.org/resource/TRT_3","TRT 3"
"http://dbpedia.org/resource/TRT_3","TRT 3"
"http://dbpedia.org/resource/TRT_4","TRT 4"
"http://dbpedia.org/resource/TRT_4","TRT 4"
"http://dbpedia.org/resource/TRT_Anadolu","TRT Anadolu"
"http://dbpedia.org/resource/Turkish_Basketball_Championship","Turkish Basketball Championship"
"http://dbpedia.org/resource/Turkish_Men's_Volleyball_Championship","Turkish Men's Volleyball Championship"
"http://dbpedia.org/resource/Turkish_Naval_High_School","Turkish Naval High School"
"http://dbpedia.org/resource/Universal_Channel_(Turkey)","Universal Channel (Turkey)"
"http://dbpedia.org/resource/Turkish_Futsal_League","Turkish Futsal League"
"http://dbpedia.org/resource/St._George's_Austrian_High_School","St. Georgs-Kolleg"
"http://dbpedia.org/resource/St._George's_Austrian_High_School","St. George's Austrian High School"
"http://dbpedia.org/resource/Third_Army_(Turkey)","Türkische 3. Armee"
"http://dbpedia.org/resource/Third_Army_(Turkey)","Third Army (Turkey)"
"http://dbpedia.org/resource/Third_Army_(Turkey)","Troisième Armée turque"
"http://dbpedia.org/resource/Workers'_Party_(Turkey)","İşçi Partisi"
"http://dbpedia.org/resource/Workers'_Party_(Turkey)","Workers' Party (Turkey)"
"http://dbpedia.org/resource/Workers'_Party_(Turkey)","Parti des travailleurs (Turquie)"
"http://dbpedia.org/resource/Workers'_Party_(Turkey)","Partito dei Lavoratori (Turchia)"
"http://dbpedia.org/resource/Workers'_Party_(Turkey)","Рабочая партия Турции"
"http://dbpedia.org/resource/24_(Turkey)","24 (Turkey)"
"http://dbpedia.org/resource/Confederation_of_Public_Workers'_Unions","Confederation of Public Workers' Unions"
"http://dbpedia.org/resource/Confederation_of_Public_Workers'_Unions","Kamu Emekçileri Sendikaları Konfederasyonu"
"http://dbpedia.org/resource/Confederation_of_Public_Workers'_Unions","Confédération des syndicats de fonctionnaires"
"http://dbpedia.org/resource/E2_(TV_channel)","E2 (TV channel)"
"http://dbpedia.org/resource/Fenerbah%C3%A7e_TV","Fenerbahçe TV"
"http://dbpedia.org/resource/Fenerbah%C3%A7e_TV","FB TV"
"http://dbpedia.org/resource/Kanalt%C3%BCrk","Kanaltürk"
"http://dbpedia.org/resource/%C3%87a%C4%9F_University","Çağ University"
"http://dbpedia.org/resource/Turkish_Women's_Basketball_League","Turkish Women's Basketball League"
"http://dbpedia.org/resource/Turkish_Women's_Basketball_League","Türkiye Bayanlar Basketbol Ligi"
"http://dbpedia.org/resource/Turkish_Women's_Basketball_League","Чемпионат Турции по баскетболу среди женщин"
"http://dbpedia.org/resource/Turkish_Regional_Amateur_League","Turkish Regional Amateur League"
"http://dbpedia.org/resource/CNN_T%C3%BCrk","CNN Türk"
"http://dbpedia.org/resource/CNN_T%C3%BCrk","CNN Türk"
"http://dbpedia.org/resource/CNN_T%C3%BCrk","CNN Türk"
"http://dbpedia.org/resource/Democratic_Society_Party","Demokratik Toplum Partisi"
"http://dbpedia.org/resource/Democratic_Society_Party","Democratic Society Party"
"http://dbpedia.org/resource/Democratic_Society_Party","Partido de la Sociedad Democrática"
"http://dbpedia.org/resource/Democratic_Society_Party","Parti de la société démocratique (Turquie)"
"http://dbpedia.org/resource/Democratic_Society_Party","Partito della Società Democratica"
"http://dbpedia.org/resource/Democratic_Society_Party","Partij voor een democratische samenleving"
"http://dbpedia.org/resource/Democratic_Society_Party","Партия демократического общества"
"http://dbpedia.org/resource/Marmara_University","Marmara University"
"http://dbpedia.org/resource/Marmara_University","Marmara-Universität"
"http://dbpedia.org/resource/Marmara_University","Universidad de Marmara"
"http://dbpedia.org/resource/Marmara_University","Université de Marmara"
"http://dbpedia.org/resource/Marmara_University","マルマラ大学"
"http://dbpedia.org/resource/Marmara_University","Universiteit van Marmara"
"http://dbpedia.org/resource/Marmara_University","Universidade de Mármara"
"http://dbpedia.org/resource/Marmara_University","Университет Мармара"
"http://dbpedia.org/resource/MTV_T%C3%BCrkiye","MTV Türkiye"
"http://dbpedia.org/resource/MTV_T%C3%BCrkiye","MTV Türkiye"
"http://dbpedia.org/resource/MTV_T%C3%BCrkiye","MTV Türkiye"
"http://dbpedia.org/resource/MTV_T%C3%BCrkiye","MTV Turcja"
"http://dbpedia.org/resource/MTV_T%C3%BCrkiye","MTV Turquia"
"http://dbpedia.org/resource/Motherland_Party_(Turkey)","Anavatan Partisi"
"http://dbpedia.org/resource/Motherland_Party_(Turkey)","Motherland Party (Turkey)"
"http://dbpedia.org/resource/Motherland_Party_(Turkey)","Parti de la mère patrie"
"http://dbpedia.org/resource/Motherland_Party_(Turkey)","Partito della Madrepatria"
"http://dbpedia.org/resource/Motherland_Party_(Turkey)","祖国党"
"http://dbpedia.org/resource/Motherland_Party_(Turkey)","Partido da Pátria"
"http://dbpedia.org/resource/Motherland_Party_(Turkey)","Партия Отечества"
"http://dbpedia.org/resource/Turkish_Ice_Hockey_First_League","Turkish Ice Hockey First League"
"http://dbpedia.org/resource/Turkish_Cup","Türkischer Fußballpokal"
"http://dbpedia.org/resource/Turkish_Cup","Turkish Cup"
"http://dbpedia.org/resource/Turkish_Cup","Copa de Turquía"
"http://dbpedia.org/resource/Turkish_Cup","Coupe de Turquie de football"
"http://dbpedia.org/resource/Turkish_Cup","Türkiye Kupası"
"http://dbpedia.org/resource/Turkish_Cup","テュルキエ・クパス"
"http://dbpedia.org/resource/Turkish_Cup","Turkse voetbalbeker"
"http://dbpedia.org/resource/Turkish_Cup","Puchar Turcji w piłce nożnej"
"http://dbpedia.org/resource/Turkish_Cup","Copa da Turquia"
"http://dbpedia.org/resource/Turkish_Cup","Кубок Турции по футболу"
"http://dbpedia.org/resource/Fox_(Turkey)","Fox (Turkey)"
"http://dbpedia.org/resource/Tarsus_American_College","Tarsus American College"
"http://dbpedia.org/resource/Tarsus_American_College","Tarsus American College"
"http://dbpedia.org/resource/Turkish_Brigade","Turkish Brigade"
"http://dbpedia.org/resource/Turkish_Brigade","Brigade turque"
"http://dbpedia.org/resource/Turkish_Brigade","Brygada Turecka"
"http://dbpedia.org/resource/Turkish_Brigade","Турецкая бригада"
"http://dbpedia.org/resource/Homeland_Party","Homeland Party"
"http://dbpedia.org/resource/M%C3%BCr%C5%9Fide_Ermumcu_Anatolian_Teachers_School","Mürşide Ermumcu Anatolian Teachers School"
"http://dbpedia.org/resource/Socialist_Unity_Party_(Turkey)","Socialist Unity Party (Turkey)"
"http://dbpedia.org/resource/TRT_6","TRT 6"
"http://dbpedia.org/resource/TRT_6","TRT 6"
"http://dbpedia.org/resource/TRT_6","TRT 6"
"http://dbpedia.org/resource/Kidz/Animez","Kidz/Animez"
"http://dbpedia.org/resource/Revolutionary_Workers'_Party_(Turkey)","Revolutionary Workers' Party (Turkey)"
"http://dbpedia.org/resource/E.C.A._Elginkan_Anadolu_Lisesi","E.C.A. Elginkan Anadolu Lisesi"
"http://dbpedia.org/resource/T%C3%BCrkiye_Sutopu_1._Ligi","Türkiye Sutopu 1. Ligi"
"http://dbpedia.org/resource/6_News_(Turkey)","6 News (Turkey)"
"http://dbpedia.org/resource/Ankara_Atat%C3%BCrk_Anadolu_Lisesi","Ankara Atatürk Anadolu Lisesi"
"http://dbpedia.org/resource/ComedyMax","ComedyMax"
"http://dbpedia.org/resource/Do%C4%9Fu%C5%9F_University","Doğuş University"
"http://dbpedia.org/resource/Do%C4%9Fu%C5%9F_University","Doğuş-universiteit"
"http://dbpedia.org/resource/Doublemoon","Doublemoon"
"http://dbpedia.org/resource/Ey%C3%BCbo%C4%9Flu_High_School","Eyüboğlu High School"
"http://dbpedia.org/resource/Gaziosmanpasha_University","Gaziosmanpasha University"
"http://dbpedia.org/resource/Giresun_University","Giresun University"
"http://dbpedia.org/resource/Istanbul_International_Community_School","Istanbul International Community School"
"http://dbpedia.org/resource/Mehtap_TV","Mehtap TV"
"http://dbpedia.org/resource/TED_Kayseri_Koleji","TED Kayseri Koleji"
"http://dbpedia.org/resource/Beykent_Educational_Institutions","Beykent Educational Institutions"
"http://dbpedia.org/resource/A2_Ligi","A2 Ligi"
"http://dbpedia.org/resource/A2_Ligi","Championnat de Turquie de football Ligue A2"
"http://dbpedia.org/resource/Turkish_Handball_Super_League","Turkish Handball Super League"
"http://dbpedia.org/resource/Spor_Toto_Cup","Spor Toto Cup"
"http://dbpedia.org/resource/Spor_Toto_Cup","Puchar Ligi Tureckiej w piłce nożnej"
"http://dbpedia.org/resource/Tokat_Arif_Nihat_Asya_Lisesi","Tokat Arif Nihat Asya Lisesi"
"http://dbpedia.org/resource/Republican_People's_Party_(Turkey)","共和人民黨 (土耳其)"
"http://dbpedia.org/resource/Republican_People's_Party_(Turkey)","Cumhuriyet Halk Partisi"
"http://dbpedia.org/resource/Republican_People's_Party_(Turkey)","Republican People's Party (Turkey)"
"http://dbpedia.org/resource/Republican_People's_Party_(Turkey)","Partido Republicano del Pueblo (Turquía)"
"http://dbpedia.org/resource/Republican_People's_Party_(Turkey)","Parti républicain du peuple (Turquie)"
"http://dbpedia.org/resource/Republican_People's_Party_(Turkey)","Partito Popolare Repubblicano"
"http://dbpedia.org/resource/Republican_People's_Party_(Turkey)","共和人民党"
"http://dbpedia.org/resource/Republican_People's_Party_(Turkey)","Republikeinse Volkspartij"
"http://dbpedia.org/resource/Republican_People's_Party_(Turkey)","Partido Republicano do Povo"
"http://dbpedia.org/resource/Republican_People's_Party_(Turkey)","Republikańska Partia Ludowa (Turcja)"
"http://dbpedia.org/resource/Republican_People's_Party_(Turkey)","Республиканская народная партия (Турция)"
"http://dbpedia.org/resource/Republican_People's_Party_(Turkey)","Republikanska folkpartiet"
"http://dbpedia.org/resource/ATV_(Turkey)","Aktüel Televizyonu"
"http://dbpedia.org/resource/ATV_(Turkey)","ATV (Turkey)"
"http://dbpedia.org/resource/ATV_(Turkey)","Atv (Turquie)"
"http://dbpedia.org/resource/ATV_(Turkey)","ATV (Turchia)"
"http://dbpedia.org/resource/ATV_(Turkey)","ATV (Turkse televisiezender)"
"http://dbpedia.org/resource/ATV_(Turkey)","ATV (Turkisk tv-kanal)"
"http://dbpedia.org/resource/%C3%87anakkale_Onsekiz_Mart_University","Çanakkale Onsekiz Mart Üniversitesi"
"http://dbpedia.org/resource/%C3%87anakkale_Onsekiz_Mart_University","Çanakkale Onsekiz Mart University"
"http://dbpedia.org/resource/%C3%87ukurova_University","Çukurova Üniversitesi"
"http://dbpedia.org/resource/%C3%87ukurova_University","Çukurova University"
"http://dbpedia.org/resource/%C3%96zye%C4%9Fin_University","Özyeğin University"
"http://dbpedia.org/resource/%C4%B0zmir_University","İzmir University"
"http://dbpedia.org/resource/%C4%B0zmir_University_of_Economics","İzmir University of Economics"
"http://dbpedia.org/resource/A%C4%9Fr%C4%B1_%C4%B0brahim_%C3%87e%C3%A7en_University","Ağrı İbrahim Çeçen University"
"http://dbpedia.org/resource/Ac%C4%B1badem_University","Acıbadem University"
"http://dbpedia.org/resource/Adnan_Menderes_University","Adnan Menderes Üniversitesi"
"http://dbpedia.org/resource/Adnan_Menderes_University","Adnan Menderes University"
"http://dbpedia.org/resource/Akdeniz_University","Akdeniz Üniversitesi"
"http://dbpedia.org/resource/Akdeniz_University","Akdeniz University"
"http://dbpedia.org/resource/Akdeniz_University","Universidade Akdeniz"
"http://dbpedia.org/resource/Aksaray_University","Aksaray University"
"http://dbpedia.org/resource/Anadolu_University","Anadolu Üniversitesi"
"http://dbpedia.org/resource/Anadolu_University","Anadolu University"
"http://dbpedia.org/resource/Anadolu_University","Université Anadolu"
"http://dbpedia.org/resource/Anadolu_University","アナドル大学"
"http://dbpedia.org/resource/Anadolu_University","Анатолийский университет"
"http://dbpedia.org/resource/Ankara_University,_Law_School","Ankara University, Law School"
"http://dbpedia.org/resource/At%C4%B1l%C4%B1m_University","Atılım University"
"http://dbpedia.org/resource/At%C4%B1l%C4%B1m_University","Universidade Atılım"
"http://dbpedia.org/resource/Ba%C5%9Fkent_University","Başkent University"
"http://dbpedia.org/resource/Ba%C5%9Fkent_University","Universidade Başkent"
"http://dbpedia.org/resource/Bah%C3%A7e%C5%9Fehir_University","Bahçeşehir University"
"http://dbpedia.org/resource/Bal%C4%B1kesir_University","Balıkesir University"
"http://dbpedia.org/resource/Bayburt_University","Bayburt University"
"http://dbpedia.org/resource/Beykent_University","Beykent University"
"http://dbpedia.org/resource/Beykent_University","Beykent Üniversitesi"
"http://dbpedia.org/resource/Bilkent_Faculty_of_Business_Administration","畢爾肯企業管理學院"
"http://dbpedia.org/resource/Bilkent_Faculty_of_Business_Administration","Bilkent Faculty of Business Administration"
"http://dbpedia.org/resource/Bilkent_Laboratory_and_International_School","Bilkent Laboratory and International School"
"http://dbpedia.org/resource/Bilkent_University_Faculty_of_Law","Bilkent University Faculty of Law"
"http://dbpedia.org/resource/Bursa_Orhangazi_University","Bursa Orhangazi University"
"http://dbpedia.org/resource/Bursa_Technical_University","Bursa Technical University"
"http://dbpedia.org/resource/Celal_Bayar_University","Celal Bayar University"
"http://dbpedia.org/resource/Critical-Creative_Thinking_and_Behavioral_Research_Laboratory","Critical-Creative Thinking and Behavioral Research Laboratory"
"http://dbpedia.org/resource/Dicle_University","Dicle University"
"http://dbpedia.org/resource/Dokuz_Eyl%C3%BCl_University","Dokuz Eylül Üniversitesi"
"http://dbpedia.org/resource/Dokuz_Eyl%C3%BCl_University","Dokuz Eylül University"
"http://dbpedia.org/resource/Dokuz_Eyl%C3%BCl_University","Université d'Izmir"
"http://dbpedia.org/resource/Erciyes_University","Erciyes University"
"http://dbpedia.org/resource/Eski%C5%9Fehir_Osmangazi_University","Eskişehir Osmangazi University"
"http://dbpedia.org/resource/F%C4%B1rat_University","Fırat Üniversitesi"
"http://dbpedia.org/resource/F%C4%B1rat_University","Fırat University"
"http://dbpedia.org/resource/F%C4%B1rat_University_Faculty_of_Veterinary_Medicine","Fırat University Faculty of Veterinary Medicine"
"http://dbpedia.org/resource/Fatih_University","Fatih University"
"http://dbpedia.org/resource/Fenerbah%C3%A7e_University","Fenerbahçe University"
"http://dbpedia.org/resource/Galatasaray_University","Galatasaray Üniversitesi"
"http://dbpedia.org/resource/Galatasaray_University","Galatasaray University"
"http://dbpedia.org/resource/Galatasaray_University","Universidad de Galatasaray"
"http://dbpedia.org/resource/Galatasaray_University","Université Galatasaray"
"http://dbpedia.org/resource/Galatasaray_University","Галатасарайский университет"
"http://dbpedia.org/resource/Gazi_University","Gazi Üniversitesi"
"http://dbpedia.org/resource/Gazi_University","Gazi University"
"http://dbpedia.org/resource/Gazi_University","Университет Гази"
"http://dbpedia.org/resource/Gebze_Institute_of_Technology","Gebze Institute of Technology"
"http://dbpedia.org/resource/Gebze_Institute_of_Technology","Gebze Yüksek Teknoloji Enstitüsü"
"http://dbpedia.org/resource/Harran_University","Harran University"
"http://dbpedia.org/resource/I%C5%9F%C4%B1k_University","Işık Üniversitesi"
"http://dbpedia.org/resource/I%C5%9F%C4%B1k_University","Işık University"
"http://dbpedia.org/resource/ITU_School_of_Aeronautics_and_Astronautics","ITU School of Aeronautics and Astronautics"
"http://dbpedia.org/resource/ITU_School_of_Architecture","ITU School of Architecture"
"http://dbpedia.org/resource/ITU_School_of_Civil_Engineering","ITU School of Civil Engineering"
"http://dbpedia.org/resource/ITU_School_of_Electrical_and_Electronic_Engineering","ITU School of Electrical and Electronic Engineering"
"http://dbpedia.org/resource/ITU_School_of_Maritime","ITU School of Maritime"
"http://dbpedia.org/resource/ITU_School_of_Mechanical_Engineering","ITU School of Mechanical Engineering"
"http://dbpedia.org/resource/ITU_School_of_Mines","ITU School of Mines"
"http://dbpedia.org/resource/ITU_School_of_Naval_Architecture_and_Ocean_Engineering","ITU School of Naval Architecture and Ocean Engineering"
"http://dbpedia.org/resource/ITU_School_of_Textile_Technologies_and_Design","ITU School of Textile Technologies and Design"
"http://dbpedia.org/resource/ITU_Turkish_Music_State_Conservatory","ITU Turkish Music State Conservatory"
"http://dbpedia.org/resource/Institute_of_Marine_Sciences","Institute of Marine Sciences"
"http://dbpedia.org/resource/Istanbul_%C5%9Eehir_University","Istanbul Şehir University"
"http://dbpedia.org/resource/Istanbul_K%C3%BClt%C3%BCr_University","Istanbul Kültür University"
"http://dbpedia.org/resource/Istanbul_Medeniyet_University","Istanbul Medeniyet University"
"http://dbpedia.org/resource/Istanbul_Technical_University","İstanbul Teknik Üniversitesi"
"http://dbpedia.org/resource/Istanbul_Technical_University","Istanbul Technical University"
"http://dbpedia.org/resource/Istanbul_Technical_University","Universidad Politécnica de Estambul"
"http://dbpedia.org/resource/Istanbul_Technical_University","Université technique d'Istanbul"
"http://dbpedia.org/resource/Istanbul_Technical_University","İstanbul Teknik Üniversitesi"
"http://dbpedia.org/resource/Istanbul_Technical_University","イスタンブル工科大学"
"http://dbpedia.org/resource/Istanbul_Technical_University","Technische Universiteit Istanboel"
"http://dbpedia.org/resource/Istanbul_Technical_University","Uniwersytet Techniczny w Stambule"
"http://dbpedia.org/resource/Istanbul_Technical_University","Universidade Técnica de Istambul"
"http://dbpedia.org/resource/Istanbul_University","伊斯坦布尔大学"
"http://dbpedia.org/resource/Istanbul_University","Universität Istanbul"
"http://dbpedia.org/resource/Istanbul_University","Istanbul University"
"http://dbpedia.org/resource/Istanbul_University","Universidad de Estambul"
"http://dbpedia.org/resource/Istanbul_University","Université d'Istanbul"
"http://dbpedia.org/resource/Istanbul_University","Università di Istanbul"
"http://dbpedia.org/resource/Istanbul_University","イスタンブル大学"
"http://dbpedia.org/resource/Istanbul_University","Universiteit van Istanboel"
"http://dbpedia.org/resource/Istanbul_University","Uniwersytet Stambulski"
"http://dbpedia.org/resource/Istanbul_University","Universidade de Istambul"
"http://dbpedia.org/resource/Istanbul_University","Стамбульский университет"
"http://dbpedia.org/resource/Istanbul_University","Istanbuls universitet"
"http://dbpedia.org/resource/K%C3%BCtahya_Dumlup%C4%B1nar_University","Kütahya Dumlupınar University"
"http://dbpedia.org/resource/Kadir_Has_University","Kadir Has University"
"http://dbpedia.org/resource/Kadir_Has_University","Kadir Has-universiteit"
"http://dbpedia.org/resource/Kafkas_University","Kafkas University"
"http://dbpedia.org/resource/Karab%C3%BCk_University","Karabük University"
"http://dbpedia.org/resource/Karadeniz_Technical_University","Karadeniz Technical University"
"http://dbpedia.org/resource/Karamano%C4%9Flu_Mehmetbey_University","Karamanoğlu Mehmetbey University"
"http://dbpedia.org/resource/Ko%C3%A7_University","Koç University"
"http://dbpedia.org/resource/Ko%C3%A7_University","Koç Üniversitesi"
"http://dbpedia.org/resource/Ko%C3%A7_University","Université Koç"
"http://dbpedia.org/resource/Kocaeli_University","Kocaeli Üniversitesi"
"http://dbpedia.org/resource/Kocaeli_University","Kocaeli University"
"http://dbpedia.org/resource/Maltepe_University","Maltepe University"
"http://dbpedia.org/resource/Maltepe_University","Maltepe-Universität"
"http://dbpedia.org/resource/Middle_East_Technical_University","Technische Universität des Nahen Ostens"
"http://dbpedia.org/resource/Middle_East_Technical_University","Middle East Technical University"
"http://dbpedia.org/resource/Middle_East_Technical_University","Universidad Técnica de Medio Oriente"
"http://dbpedia.org/resource/Middle_East_Technical_University","Université technique du Moyen-Orient"
"http://dbpedia.org/resource/Middle_East_Technical_University","中東工科大学"
"http://dbpedia.org/resource/Middle_East_Technical_University","Technische Universiteit van het Midden-Oosten"
"http://dbpedia.org/resource/Middle_East_Technical_University","Universidade Técnica do Oriente Médio"
"http://dbpedia.org/resource/Middle_East_Technical_University","中東技術大學"
"http://dbpedia.org/resource/Mu%C4%9Fla_University","Muğla University"
"http://dbpedia.org/resource/Mustafa_Kemal_University","Mustafa Kemal University"
"http://dbpedia.org/resource/Ni%C4%9Fde_University","Niğde University"
"http://dbpedia.org/resource/Okan_University","Okan University"
"http://dbpedia.org/resource/Piri_Reis_University","Piri Reis University"
"http://dbpedia.org/resource/Sakarya_University","Sakarya Üniversitesi"
"http://dbpedia.org/resource/Sakarya_University","Sakarya University"
"http://dbpedia.org/resource/Sakarya_University","Université de Sakarya"
"http://dbpedia.org/resource/Sakarya_University","Università di Sakarya"
"http://dbpedia.org/resource/TED_Ankara_Koleji","TED Ankara Koleji"
"http://dbpedia.org/resource/TOBB_University_of_Economics_and_Technology","TOBB University of Economics and Technology"
"http://dbpedia.org/resource/TOBB_University_of_Economics_and_Technology","TOBB Universität für Wirtschaft und Technik"
"http://dbpedia.org/resource/TOBB_University_of_Economics_and_Technology","TOBB Uniwersytet Ekonomiczny i Technologiczny"
"http://dbpedia.org/resource/Toros_University","Toros University"
"http://dbpedia.org/resource/Trakya_University","Trakya Üniversitesi"
"http://dbpedia.org/resource/Trakya_University","Trakya University"
"http://dbpedia.org/resource/Turkish_Air_Force_Academy","Turkish Air Force Academy"
"http://dbpedia.org/resource/Turkish_Military_Academy","Turkish Military Academy"
"http://dbpedia.org/resource/Ufuk_University","Ufuk University"
"http://dbpedia.org/resource/Uluda%C4%9F_University","Uludağ University"
"http://dbpedia.org/resource/Uluda%C4%9F_University","Université Uludağ"
"http://dbpedia.org/resource/University_of_Gaziantep","University of Gaziantep"
"http://dbpedia.org/resource/University_of_Gaziantep","Gaziantep-Universität"
"http://dbpedia.org/resource/Ya%C5%9Far_University","Yaşar University"
"http://dbpedia.org/resource/Yeditepe_University","Yeditepe Üniversitesi"
"http://dbpedia.org/resource/Yeditepe_University","Yeditepe University"
"http://dbpedia.org/resource/Yeditepe_University","Université Yeditepe"
"http://dbpedia.org/resource/Zirve_University","Zirve University"
"http://dbpedia.org/resource/Dardanelles_Fortified_Area_Command","Dardanelles Fortified Area Command"
"http://dbpedia.org/resource/TFF_Second_League","TFF Second League"
"http://dbpedia.org/resource/TFF_Second_League","TFF 2. Lig"
"http://dbpedia.org/resource/TFF_Second_League","Championnat de Turquie de football D3"
"http://dbpedia.org/resource/TFF_Second_League","TFF 2. Lig"
"http://dbpedia.org/resource/TFF_Second_League","Türkiye Futbol Federasyonu 2. Lig"
"http://dbpedia.org/resource/Greens_Party_(Turkey)","Yeşiller Partisi"
"http://dbpedia.org/resource/Greens_Party_(Turkey)","Greens Party (Turkey)"
"http://dbpedia.org/resource/Greens_Party_(Turkey)","Partia Zielonych (Turcja)"
"http://dbpedia.org/resource/American_Collegiate_Institute","American Collegiate Institute"
"http://dbpedia.org/resource/Star_TV_(Turkey)","Star TV (Türkei)"
"http://dbpedia.org/resource/Star_TV_(Turkey)","Star TV (Turkey)"
"http://dbpedia.org/resource/Star_TV_(Turkey)","Star TV (Turquie)"
"http://dbpedia.org/resource/Star_TV_(Turkey)","Star TV"
"http://dbpedia.org/resource/Turkish_Army","Turkish Army"
"http://dbpedia.org/resource/Turkish_Army","Armée de terre turque"
"http://dbpedia.org/resource/Turkish_Army","Exército da Turquia"
"http://dbpedia.org/resource/Turkish_Army","Сухопутные войска Турции"
"http://dbpedia.org/resource/Voice_of_Turkey","Voice of Turkey"
"http://dbpedia.org/resource/Voice_of_Turkey","Voce della Turchia"
"http://dbpedia.org/resource/Voice_of_Turkey","トルコの声"
"http://dbpedia.org/resource/Voice_of_Turkey","Głos Turcji"
"http://dbpedia.org/resource/Voice_of_Turkey","Голос Турции"
"http://dbpedia.org/resource/Yusuf_Kalkavan_Anatolian_High_School","Yusuf Kalkavan Anatolian High School"
"http://dbpedia.org/resource/Great_Anatolia_Party","Great Anatolia Party"
"http://dbpedia.org/resource/Hakkari_Mountain_and_Commando_Brigade","Hakkari Mountain and Commando Brigade"
"http://dbpedia.org/resource/Turkish_Super_Cup","Türkischer Fußball-Supercup"
"http://dbpedia.org/resource/Turkish_Super_Cup","Turkish Super Cup"
"http://dbpedia.org/resource/Turkish_Super_Cup","Supercopa turca de fútbol"
"http://dbpedia.org/resource/Turkish_Super_Cup","Supercoupe de Turquie de football"
"http://dbpedia.org/resource/Turkish_Super_Cup","Türkiye Süper Kupası"
"http://dbpedia.org/resource/Turkish_Super_Cup","Turkse supercup"
"http://dbpedia.org/resource/Turkish_Super_Cup","Superpuchar Turcji w piłce nożnej"
"http://dbpedia.org/resource/Turkish_Super_Cup","Суперкубок Турции по футболу"
"http://dbpedia.org/resource/Turkish_Women's_Volleyball_Championship","Turkish Women's Volleyball Championship"
"http://dbpedia.org/resource/Ondokuz_May%C4%B1s_University","Ondokuz Mayıs University"
"http://dbpedia.org/resource/CNBC-e","CNBC-e"
"http://dbpedia.org/resource/CNBC-e","CNBC-e"
"http://dbpedia.org/resource/CNBC-e","CNBC-e"
"http://dbpedia.org/resource/TRT_T%C3%BCrk","TRT Türk"
"http://dbpedia.org/resource/TRT_T%C3%BCrk","TRT Türk"
"http://dbpedia.org/resource/Maroon_Berets","Bordo Bereliler"
"http://dbpedia.org/resource/Maroon_Berets","Maroon Berets"
"http://dbpedia.org/resource/Maroon_Berets","Bordo Bereliler"
"http://dbpedia.org/resource/Maroon_Berets","Bordo Bereliler"
"http://dbpedia.org/resource/TRT_International","TRT International"
"http://dbpedia.org/resource/Istanbul_Bilgi_University","Istanbul Bilgi University"
"http://dbpedia.org/resource/Istanbul_Bilgi_University","İstanbul Bilgi Üniversitesi"
"http://dbpedia.org/resource/Turkish_Navy","Turkish Navy"
"http://dbpedia.org/resource/Turkish_Navy","Marine turque"
"http://dbpedia.org/resource/Turkish_Navy","Türk Deniz Kuvvetleri"
"http://dbpedia.org/resource/Turkish_Navy","トルコ海軍"
"http://dbpedia.org/resource/Turkish_Navy","Turkse marine"
"http://dbpedia.org/resource/Turkish_Navy","Marinha da Turquia"
"http://dbpedia.org/resource/Turkish_Navy","Türk Deniz Kuvvetleri"
"http://dbpedia.org/resource/Turkish_Navy","Военно-морские силы Турции"
"http://dbpedia.org/resource/Deutsche_Schule_Istanbul","Deutsche Schule Istanbul"
"http://dbpedia.org/resource/Deutsche_Schule_Istanbul","Deutsche Schule Istanbul"
"http://dbpedia.org/resource/Freedom_and_Solidarity_Party","Özgürlük ve Dayanışma Partisi"
"http://dbpedia.org/resource/Freedom_and_Solidarity_Party","Freedom and Solidarity Party"
"http://dbpedia.org/resource/Freedom_and_Solidarity_Party","Partido de la Libertad y la Solidaridad"
"http://dbpedia.org/resource/Freedom_and_Solidarity_Party","Parti de la liberté et de la solidarité"
"http://dbpedia.org/resource/Freedom_and_Solidarity_Party","Partito della Libertà e della Solidarietà"
"http://dbpedia.org/resource/Freedom_and_Solidarity_Party","Partia Wolności i Sprawiedliwości"
"http://dbpedia.org/resource/Freedom_and_Solidarity_Party","Партия свободы и солидарности"
"http://dbpedia.org/resource/Justice_and_Development_Party_(Turkey)","正义与发展党 (土耳其)"
"http://dbpedia.org/resource/Justice_and_Development_Party_(Turkey)","Adalet ve Kalkınma Partisi"
"http://dbpedia.org/resource/Justice_and_Development_Party_(Turkey)","Justice and Development Party (Turkey)"
"http://dbpedia.org/resource/Justice_and_Development_Party_(Turkey)","Partido de la Justicia y el Desarrollo (Turquía)"
"http://dbpedia.org/resource/Justice_and_Development_Party_(Turkey)","Parti pour la justice et le développement (Turquie)"
"http://dbpedia.org/resource/Justice_and_Development_Party_(Turkey)","Partito per la Giustizia e lo Sviluppo"
"http://dbpedia.org/resource/Justice_and_Development_Party_(Turkey)","公正発展党"
"http://dbpedia.org/resource/Justice_and_Development_Party_(Turkey)","Partij voor Rechtvaardigheid en Ontwikkeling"
"http://dbpedia.org/resource/Justice_and_Development_Party_(Turkey)","Partia Sprawiedliwości i Rozwoju"
"http://dbpedia.org/resource/Justice_and_Development_Party_(Turkey)","Partido da Justiça e Desenvolvimento (Turquia)"
"http://dbpedia.org/resource/Justice_and_Development_Party_(Turkey)","Партия справедливости и развития (Турция)"
"http://dbpedia.org/resource/Justice_and_Development_Party_(Turkey)","Rättvise- och utvecklingspartiet"
"http://dbpedia.org/resource/Kuva-yi_Milliye","Kuva-yi Milliye"
"http://dbpedia.org/resource/Kuva-yi_Milliye","Kuvayı Milliye"
"http://dbpedia.org/resource/People's_Ascent_Party","Halkın Yükselişi Partisi"
"http://dbpedia.org/resource/People's_Ascent_Party","People's Ascent Party"
"http://dbpedia.org/resource/Phanar_Greek_Orthodox_College","Phanar Greek Orthodox College"
"http://dbpedia.org/resource/Second_Army_(Turkey)","Türkische 2. Armee"
"http://dbpedia.org/resource/Second_Army_(Turkey)","Second Army (Turkey)"
"http://dbpedia.org/resource/TFF_Third_League","TFF Third League"
"http://dbpedia.org/resource/TFF_Third_League","TFF 3. Lig"
"http://dbpedia.org/resource/TFF_Third_League","Championnat de Turquie de football D4"
"http://dbpedia.org/resource/TFF_Third_League","TFF 3. Lig"
"http://dbpedia.org/resource/TFF_Third_League","Türkiye Futbol Federasyonu 3. Lig"
"http://dbpedia.org/resource/Mediterranean_Basketball_Association","Mediterranean Basketball Association"
"http://dbpedia.org/resource/Police_Special_Operation_Teams","Dezernat für Sondereinsätze der türkischen Polizei"
"http://dbpedia.org/resource/Police_Special_Operation_Teams","Police Special Operation Teams"
"http://dbpedia.org/resource/Police_Special_Operation_Teams","Özel Harekat"
"http://dbpedia.org/resource/A9_TV","A9 TV"
"http://dbpedia.org/resource/Bitlis_Eren_University","Bitlis Eren University"
"http://dbpedia.org/resource/U%C5%9Fak_University","Uşak University"
"http://dbpedia.org/resource/Smart_%C3%87ocuk","Smart Çocuk"
"http://dbpedia.org/resource/Mimar_Sinan_Fine_Arts_University","Mimar Sinan Üniversitesi"
"http://dbpedia.org/resource/Mimar_Sinan_Fine_Arts_University","Mimar Sinan Fine Arts University"
"http://dbpedia.org/resource/Mimar_Sinan_Fine_Arts_University","Université des beaux-arts Mimar-Sinan"
"http://dbpedia.org/resource/Mimar_Sinan_Fine_Arts_University","ミマール・スィナン芸術大学"
"http://dbpedia.org/resource/Mimar_Sinan_Fine_Arts_University","Universidade de Belas Artes Mimar Sinan"
"http://dbpedia.org/resource/Amasya_University","Amasya University"
"http://dbpedia.org/resource/Y%C4%B1ld%C4%B1r%C4%B1m_Beyaz%C4%B1t_University","Yıldırım Beyazıt University"
"http://dbpedia.org/resource/Sinop_University","Sinop University"
"http://dbpedia.org/resource/Batman_University","Batman University"
"http://dbpedia.org/resource/University_of_Turkish_Aeronautical_Association","University of Turkish Aeronautical Association"
"http://dbpedia.org/resource/Boomerang_(Turkey)","Boomerang (Turkey)"
"http://dbpedia.org/resource/%C5%9E%C4%B1rnak_University","Şırnak University"
"http://dbpedia.org/resource/Kurtkoy_High_School","Kurtkoy High School"
"http://dbpedia.org/resource/Basketball_World_Cup_(Turkey)","Basketball World Cup (Turkey)"
"http://dbpedia.org/resource/Emlak_Konut_Mimar_Sinan_Anadolu_Lisesi","Emlak Konut Mimar Sinan Anadolu Lisesi"
"http://dbpedia.org/resource/Erenk%C3%B6y_Girls_High_School","Erenköy Girls High School"
"http://dbpedia.org/resource/Istanbul_Ayd%C4%B1n_University","Istanbul Aydın University"
"http://dbpedia.org/resource/Istanbul_Kemerburgaz_University","Istanbul Kemerburgaz University"
"http://dbpedia.org/resource/Kandilli_Anatolian_High_School_for_Girls","Kandilli Anatolian High School for Girls"
"http://dbpedia.org/resource/%C3%87ank%C4%B1r%C4%B1_Karatekin_University","Çankırı Karatekin University"
"http://dbpedia.org/resource/Abdullah_G%C3%BCl_University","Abdullah Gül University"
"http://dbpedia.org/resource/Ahi_Evran_University","Ahi Evran University"
"http://dbpedia.org/resource/Ardahan_University","Ardahan University"
"http://dbpedia.org/resource/Artvin_%C3%87oruh_University","Artvin Çoruh University"
"http://dbpedia.org/resource/Bilecik_University","Bilecik University"
"http://dbpedia.org/resource/Bing%C3%B6l_University","Bingöl University"
"http://dbpedia.org/resource/Canik_Ba%C5%9Far%C4%B1_University","Canik Başarı University"
"http://dbpedia.org/resource/Faculty_of_Medicine,_%C3%87OM%C3%9C","Faculty of Medicine, ÇOMÜ"
"http://dbpedia.org/resource/Greens_and_the_Left_Party_of_the_Future","Greens and the Left Party of the Future"
"http://dbpedia.org/resource/Greens_and_the_Left_Party_of_the_Future","Yeşiller ve Sol Gelecek Partisi"
"http://dbpedia.org/resource/Istanbul_Bilim_University","Istanbul Bilim University"
"http://dbpedia.org/resource/Istanbul_Commerce_University_Faculty_of_Law","Istanbul Commerce University Faculty of Law"
"http://dbpedia.org/resource/K%C4%B1r%C4%B1kkale_University","Kırıkkale University"
"http://dbpedia.org/resource/Kilis_7_Aral%C4%B1k_University","Kilis 7 Aralık University"
"http://dbpedia.org/resource/Mardin_Artuklu_University","Mardin Artuklu University"
"http://dbpedia.org/resource/Mu%C5%9F_Alparslan_University","Muş Alparslan University"
"http://dbpedia.org/resource/Osmaniye_Korkut_Ata_University","Osmaniye Korkut Ata University"
"http://dbpedia.org/resource/Recep_Tayyip_Erdo%C4%9Fan_University","Recep Tayyip Erdoğan University"
"http://dbpedia.org/resource/Siirt_University","Siirt University"
"http://dbpedia.org/resource/Turkish_Women's_Volleyball_Cup","Turkish Women's Volleyball Cup"
"http://dbpedia.org/resource/Turkish_Women's_Volleyball_Cup","Кубок Турции по волейболу среди женщин"
"http://dbpedia.org/resource/Yedikule_Anadolu_Lisesi","Yedikule Anadolu Lisesi"
"http://dbpedia.org/resource/Bart%C4%B1n_University","Bartın University"
"http://dbpedia.org/resource/D%C3%BCzce_University","Düzce University"
"http://dbpedia.org/resource/G%C3%BCm%C3%BC%C5%9Fhane_University","Gümüşhane University"
"http://dbpedia.org/resource/I%C4%9Fd%C4%B1r_University","Iğdır University"
"http://dbpedia.org/resource/Turgut_%C3%96zal_University","Turgut Özal University"
"http://dbpedia.org/resource/3rd_Corps_(Turkey)","3rd Corps (Turkey)"
"http://dbpedia.org/resource/TVF_Fine_Arts_and_Sports_High_School","TVF Fine Arts and Sports High School"
"http://dbpedia.org/resource/B%C3%BClent_Ecevit_University","Bülent Ecevit University"
"http://dbpedia.org/resource/TV8_(Turkey)","TV8 (Turkey)"
"http://dbpedia.org/resource/Turkish_Women's_Cup_Basketball","Turkish Women's Cup Basketball"
"http://dbpedia.org/resource/Erzurum_University","Erzurum University"
"http://dbpedia.org/resource/Hakkari_University","Hakkari University"
"http://dbpedia.org/resource/Istanbul_Arel_University","Istanbul Arel University"
